,Penalty,Avg Returns,Avg Returns Std Error,Avg Unmodified Returns,Avg Unmodified Returns Std Error,Avg Interventions,Avg Interventions Std Error
0,0.0,3.12661479157939,0.2821424754666239,3.12661479157939,0.2821424754666239,10.947,2.7319895487971477
1,0.005,3.3674258557429795,0.15840385824283423,3.387130855742979,0.15936790916779023,3.9410000000000003,0.6445740739760677
2,0.01,3.156371554369336,0.14527344463924644,3.1844665543693353,0.14769838124015833,2.8094999999999994,0.45528329815505786
3,0.025,2.6428236349525447,0.1186031800829102,2.7075111349525445,0.0986271842637697,2.5875,0.9435113239495605
4,0.05,2.8026625433706718,0.06204854662825389,2.8850375433706708,0.06631879203418652,1.6474999999999997,0.1561407512807797
5,0.1,2.4141701131137623,0.0840578506074913,2.512920113113762,0.08622185535647761,0.9875,0.10013642010566859
6,0.15,2.154452079730511,0.1136556208652691,2.2704770797305116,0.124497321569237,0.7735000000000001,0.1423677132971998
7,0.2,1.8927049686493498,0.0736792815382754,2.0126049686493497,0.08504425104827752,0.5994999999999999,0.1253825199770266
